{
    "loss": 0.3657078444957733,
    "accuracy": 0.9482758641242981
}